,without PA,with PA
0,0.11270817062002247,0.17035403329613202
1,0.10697615220783796,0.16467070136638862
2,0.10816597912911641,0.16730786353007532
3,0.10916125591820325,0.16896540929242687
4,0.10594638955283397,0.1666353852539844
5,0.10954483291148776,0.168581367040673
6,0.10316232200611475,0.1616543077072528
7,0.10812797507963323,0.16574477110478575
8,0.10647748781850375,0.16310142115546022
9,0.11157534372505695,0.16808217243967472
