,without PA,with PA
0,0.028672983317743705,0.03157432204354438
1,0.032939807202380655,0.036249440083850115
2,0.02841839615334052,0.03400605013402902
3,0.029778192574946627,0.0352943087844263
4,0.031036280520566173,0.03549980714907852
5,0.03212672386526594,0.03581125946258901
6,0.03338642557334637,0.038407669001958133
7,0.0331999261857826,0.03752152053760893
8,0.029336369280279162,0.037380983470192364
9,0.03321920046849869,0.03883787984718334
