,without PA,with PA
0,0.12497175306726149,0.1702704053210466
1,0.12008590645512962,0.16772958498854906
2,0.12026640002930045,0.16862498673840692
3,0.12112601931573397,0.16989377908285713
4,0.11621456385102669,0.1659652455542588
5,0.1208414241072977,0.16912360258961057
6,0.11331135558922456,0.16260617596259475
7,0.1179007101630849,0.16592249444709944
8,0.11763933256305725,0.16389804698310478
9,0.11911827224251448,0.16667410907918973
