,without PA,with PA
0,0.023833682646044907,0.035263228366326116
1,0.024719116899266202,0.03391348885485468
2,0.0221975491278813,0.03560854259610413
3,0.02417850149010603,0.03750862929747123
4,0.023542722387686954,0.03757362541786535
5,0.021435966820104624,0.03269191371772717
6,0.024256492959749187,0.038117877192482164
7,0.0253556866469844,0.03719316902119951
8,0.02256513498745527,0.038573511532872584
9,0.025066240119156702,0.039469042544762356
